N_CTX,Triton
1024.000000,16.335450
2048.000000,20.081850
4096.000000,21.534077
8192.000000,22.397929
16384.000000,22.689319
