N_CTX,Triton
1024.000000,21.437705
2048.000000,21.938388
4096.000000,22.209526
8192.000000,22.355000
16384.000000,22.540360
