N_CTX,Triton
1024.000000,11.903737
2048.000000,14.379767
4096.000000,15.925209
8192.000000,16.864375
16384.000000,17.196910
